{
  "$schema": "https://ui.shadcn.com/schema.json",
  "style": "new-york",
  "rsc": true,
  "tsx": true,
  "tailwind": {
    "config": "tailwind.config.ts",
    "css": "app/globals.css",
    "baseColor": "neutral",
    "cssVariables": true,
    "prefix": ""
  },
  "aliases": {
    "components": "@/components",
    "ui": "@/components/ui",
    "screens": "@/components/screens",
    "hooks": "@/hooks",
    "context": "@/context",
    "lib": "@/lib",
    "utils": "@/utils"
  },
  "iconLibrary": "lucide"
}